<?xml version="1.0" encoding="UTF-8"?>

<mule xmlns:db="http://www.mulesoft.org/schema/mule/db" xmlns:ee="http://www.mulesoft.org/schema/mule/ee/core"
	xmlns:http="http://www.mulesoft.org/schema/mule/http"
	xmlns="http://www.mulesoft.org/schema/mule/core" xmlns:doc="http://www.mulesoft.org/schema/mule/documentation" xmlns:xsi="http://www.w3.org/2001/XMLSchema-instance" xsi:schemaLocation="http://www.mulesoft.org/schema/mule/core http://www.mulesoft.org/schema/mule/core/current/mule.xsd
http://www.mulesoft.org/schema/mule/http http://www.mulesoft.org/schema/mule/http/current/mule-http.xsd
http://www.mulesoft.org/schema/mule/ee/core http://www.mulesoft.org/schema/mule/ee/core/current/mule-ee.xsd
http://www.mulesoft.org/schema/mule/db http://www.mulesoft.org/schema/mule/db/current/mule-db.xsd">
	<http:listener-config name="HTTP_Listener_config" doc:name="HTTP Listener config" doc:id="6ff2aa45-ac0c-439e-a803-83ee0395479d" >
		<http:listener-connection host="0.0.0.0" port="8081" />
	</http:listener-config>
	<db:config name="Database_Config" doc:name="Database Config" doc:id="cd5833a8-018b-4413-9f9c-9db2c182f3b8" >
		<db:generic-connection url="jdbc:postgresql://127.0.0.1:5432/postgres" driverClassName="org.postgresql.Driver" user="postgres" password="cliona" />
	</db:config>
	<db:config name="Database_Config1" doc:name="Database Config" doc:id="c7d88ae5-2a19-4679-9dea-9dca9e93e2ca" >
		<db:generic-connection url="jdbc:postgresql://127.0.0.1:5432/postgres" driverClassName="org.postgresql.Driver" user="postgres" password="cliona" />
	</db:config>
	<db:config name="Database_Config2" doc:name="Database Config" doc:id="27b17830-ad7c-4a21-8635-63a9b84b9fad" >
		<db:generic-connection url="jdbc:postgresql://127.0.0.1:5432/postgres" driverClassName="org.postgresql.Driver" user="postgres" password="cliona" />
	</db:config>
	<flow name="databae_postgresFlow1" doc:id="15a108d8-166b-4c45-8b9a-2c98aa337564" >
		<http:listener doc:name="Listener" doc:id="0fb8ea3e-8f73-4166-9e58-dd905401475a" config-ref="HTTP_Listener_config" path="/select"/>
		<db:select doc:name="Select" doc:id="8571e5b5-fe64-4e54-859b-3a33ce13d9ed" config-ref="Database_Config2">
			<db:sql >select * from public.employee_data</db:sql>
		</db:select>
		<logger level="INFO" doc:name="Logger" doc:id="e00f4a12-9327-4471-987f-6a1c00444c3c" message="#[output application/json --- payload]]"/>
	</flow>
	<flow name="databae_postgresFlow" doc:id="07f8d02e-c923-4638-a695-5735cbca0d99" >
		<http:listener doc:name="Listener" doc:id="a9a34712-9173-45dc-b348-fded4a878e4b" config-ref="HTTP_Listener_config" path="/green"/>
		<ee:transform doc:name="Transform Message" doc:id="07d5820c-5088-4b61-bd91-a7c3e1e26fd7" >
			<ee:message >
				<ee:set-payload ><![CDATA[%dw 2.0
output application/java
---
payload]]></ee:set-payload>
			</ee:message>
		</ee:transform>
		<logger level="INFO" doc:name="Logger" doc:id="e3deeb88-ce5b-41c8-9c9a-63a14cb560a4" message="the message is #[payload]"/>
		<db:insert doc:name="Insert" doc:id="8c58fb6a-52da-4cfb-864b-bb857f31b323" config-ref="Database_Config1">
			<db:sql >insert into public.employee_data(emp_id,name,manager_name) values (:emp_id,:name,:manager_name)</db:sql>
			<db:input-parameters ><![CDATA[#[{'emp_id':payload.emp_id , 'name':payload.name, 'manager_name':payload.manager_name}]]]></db:input-parameters>
		</db:insert>
		<logger level="INFO" doc:name="Logger" doc:id="f41ed691-7e60-40c7-b404-12729c218762" message="the result is #[payload]"/>
	</flow>
</mule>
