<?xml version="1.0" encoding="UTF-8"?>

<mule xmlns:ee="http://www.mulesoft.org/schema/mule/ee/core" xmlns:http="http://www.mulesoft.org/schema/mule/http"
	xmlns="http://www.mulesoft.org/schema/mule/core"
	xmlns:doc="http://www.mulesoft.org/schema/mule/documentation" xmlns:xsi="http://www.w3.org/2001/XMLSchema-instance" xsi:schemaLocation="http://www.mulesoft.org/schema/mule/core http://www.mulesoft.org/schema/mule/core/current/mule.xsd
http://www.mulesoft.org/schema/mule/http http://www.mulesoft.org/schema/mule/http/current/mule-http.xsd
http://www.mulesoft.org/schema/mule/ee/core http://www.mulesoft.org/schema/mule/ee/core/current/mule-ee.xsd">
	<http:listener-config name="HTTP_Listener_config" doc:name="HTTP Listener config" doc:id="dcb7bd25-e10f-4ea2-955a-0ddfa32906bc" >
		<http:listener-connection host="0.0.0.0" port="8081" />
	</http:listener-config>
	<flow name="locationFlow" doc:id="7463e99f-c158-4693-9b1e-6b22f30cfd9e" >
		<http:listener doc:name="Listener" doc:id="9cec3e0c-fde5-4ce7-a010-069eeb17a5bc" config-ref="HTTP_Listener_config" path="/green"/>
		<logger level="INFO" doc:name="Logger" doc:id="2429b937-1a51-4754-b1de-70d6e0786fb8" />
		<ee:transform doc:name="Transform Message" doc:id="7b5ab5f2-9761-4b87-a3c7-b1decf9c71dd" >
			<ee:message >
				<ee:set-payload ><![CDATA[%dw 2.0
output application/java
---
payload
]]></ee:set-payload>
			</ee:message>
		</ee:transform>
		<set-payload value="#[payload]" doc:name="Set Payload" doc:id="ad824297-469d-4ec9-8c00-c93eb9d42413" />
	</flow>
</mule>
