<?xml version="1.0" encoding="UTF-8"?>

<mule xmlns:ee="http://www.mulesoft.org/schema/mule/ee/core" xmlns:http="http://www.mulesoft.org/schema/mule/http"
	xmlns="http://www.mulesoft.org/schema/mule/core"
	xmlns:doc="http://www.mulesoft.org/schema/mule/documentation" xmlns:xsi="http://www.w3.org/2001/XMLSchema-instance" xsi:schemaLocation="http://www.mulesoft.org/schema/mule/core http://www.mulesoft.org/schema/mule/core/current/mule.xsd
http://www.mulesoft.org/schema/mule/http http://www.mulesoft.org/schema/mule/http/current/mule-http.xsd
http://www.mulesoft.org/schema/mule/ee/core http://www.mulesoft.org/schema/mule/ee/core/current/mule-ee.xsd">
	<http:listener-config name="HTTP_Listener_config" doc:name="HTTP Listener config" doc:id="e148a1e6-c57f-4286-b8b3-6227e7cde614" >
		<http:listener-connection host="0.0.0.0" port="8081" />
	</http:listener-config>
	<flow name="project1Flow" doc:id="82906a27-eae3-4453-9413-83eb7cefbd30" >
		<http:listener doc:name="Listener" doc:id="1aa963ba-824d-44cb-af60-b05fc5972d70" config-ref="HTTP_Listener_config" path="/test"/>
		<logger level="INFO" doc:name="Logger" doc:id="f9bd631e-0e86-4f1c-bd4d-87b0af2f7754" />
		<ee:transform doc:name="Transform Message" doc:id="14431cc1-286c-43f3-abf8-b08c29f416d4" >
			<ee:message >
				<ee:set-payload ><![CDATA[%dw 2.0
output application/json
---
payload.bookstore.*book filter($.year>=2005) distinctBy $ map ( book , indexOfBook ) -> {
	title: book.title default "",
	author: book.*author[0],
	year: book.year as String default "",
	price: book.price as String default ""
}
]]></ee:set-payload>
			</ee:message>
		</ee:transform>
		<set-payload value="#[payload]" doc:name="Set Payload" doc:id="9d083837-a09e-46b3-89bd-1b5cc81d69d4" />
	</flow>
</mule>
