<?xml version='1.0' encoding='UTF-8'?>
<types:mule xmlns:types="http://www.mulesoft.org/schema/mule/types">
  <types:catalog>
    <types:type name="param" format="json">
      <types:shape format="weave" example="examples/database-2.json"><![CDATA[%dw 2.0

type param = Array<{|  emp_id: String,   name: String,   manager_name: String|}> {"example": "[{\\\"emp_id\\\":\\\"\\\",\\\"name\\\":\\\"\\\",\\\"manager_name\\\":\\\"\\\"}]"}

]]></types:shape>
    </types:type>
  </types:catalog>
  <types:enrichment select="#07d5820c-5088-4b61-bd91-a7c3e1e26fd7">
    <types:processor-declaration>
      <types:input-event>
        <types:message>
          <types:payload type="param"/>
        </types:message>
      </types:input-event>
      <types:output-event>
        <types:message>
          <types:payload type="param"/>
        </types:message>
      </types:output-event>
    </types:processor-declaration>
  </types:enrichment>
</types:mule>