<?xml version='1.0' encoding='UTF-8'?>
<types:mule xmlns:types="http://www.mulesoft.org/schema/mule/types">
  <types:catalog>
    <types:type name="book" format="xml">
      <types:example format="xml" element="bookstore" location="examples/book-1.xml"/>
    </types:type>
    <types:type name="bookJson" format="json">
      <types:shape format="weave" example="examples/bookJson.json"><![CDATA[%dw 2.0

type bookJson = Array<{|  title: String,   author: String,   year: String,   price: String|}> {"example": "[{\\\"title\\\":\\\"\\\",\\\"author\\\":\\\"\\\",\\\"year\\\":\\\"\\\",\\\"price\\\":\\\"\\\"}]"}

]]></types:shape>
    </types:type>
  </types:catalog>
  <types:enrichment select="#14431cc1-286c-43f3-abf8-b08c29f416d4">
    <types:processor-declaration>
      <types:input-event>
        <types:message>
          <types:payload type="book"/>
        </types:message>
      </types:input-event>
      <types:output-event>
        <types:message>
          <types:payload type="bookJson"/>
        </types:message>
      </types:output-event>
    </types:processor-declaration>
  </types:enrichment>
</types:mule>